{
  "GetTasks" : {
    "transaction" : "GetTasks",
    "sampleCount" : 1,
    "errorCount" : 0,
    "errorPct" : 0.0,
    "meanResTime" : 192.0,
    "minResTime" : 192.0,
    "maxResTime" : 192.0,
    "pct1ResTime" : 192.0,
    "pct2ResTime" : 192.0,
    "pct3ResTime" : 192.0,
    "throughput" : 5.208333333333333,
    "receivedKBytesPerSec" : 94.76725260416667,
    "sentKBytesPerSec" : 1.15966796875
  },
  "UpdateTask" : {
    "transaction" : "UpdateTask",
    "sampleCount" : 1,
    "errorCount" : 0,
    "errorPct" : 0.0,
    "meanResTime" : 161.0,
    "minResTime" : 161.0,
    "maxResTime" : 161.0,
    "pct1ResTime" : 161.0,
    "pct2ResTime" : 161.0,
    "pct3ResTime" : 161.0,
    "throughput" : 6.211180124223602,
    "receivedKBytesPerSec" : 1.583123059006211,
    "sentKBytesPerSec" : 2.323126940993789
  },
  "DeleteProject" : {
    "transaction" : "DeleteProject",
    "sampleCount" : 1,
    "errorCount" : 1,
    "errorPct" : 100.0,
    "meanResTime" : 127.0,
    "minResTime" : 127.0,
    "maxResTime" : 127.0,
    "pct1ResTime" : 127.0,
    "pct2ResTime" : 127.0,
    "pct3ResTime" : 127.0,
    "throughput" : 7.874015748031496,
    "receivedKBytesPerSec" : 2.837413877952756,
    "sentKBytesPerSec" : 2.03001968503937
  },
  "GetTaskByID" : {
    "transaction" : "GetTaskByID",
    "sampleCount" : 1,
    "errorCount" : 0,
    "errorPct" : 0.0,
    "meanResTime" : 276.0,
    "minResTime" : 276.0,
    "maxResTime" : 276.0,
    "pct1ResTime" : 276.0,
    "pct2ResTime" : 276.0,
    "pct3ResTime" : 276.0,
    "throughput" : 3.6231884057971016,
    "receivedKBytesPerSec" : 2.4343297101449273,
    "sentKBytesPerSec" : 0.8456465126811593
  },
  "UpdateProject" : {
    "transaction" : "UpdateProject",
    "sampleCount" : 1,
    "errorCount" : 0,
    "errorPct" : 0.0,
    "meanResTime" : 331.0,
    "minResTime" : 331.0,
    "maxResTime" : 331.0,
    "pct1ResTime" : 331.0,
    "pct2ResTime" : 331.0,
    "pct3ResTime" : 331.0,
    "throughput" : 3.0211480362537766,
    "receivedKBytesPerSec" : 0.7700387084592145,
    "sentKBytesPerSec" : 0.8880523036253776
  },
  "Total" : {
    "transaction" : "Total",
    "sampleCount" : 10,
    "errorCount" : 2,
    "errorPct" : 20.0,
    "meanResTime" : 272.30000000000007,
    "minResTime" : 70.0,
    "maxResTime" : 669.0,
    "pct1ResTime" : 640.7,
    "pct2ResTime" : 669.0,
    "pct3ResTime" : 669.0,
    "throughput" : 3.6603221083455346,
    "receivedKBytesPerSec" : 9.495747735175694,
    "sentKBytesPerSec" : 0.9962224331991214
  },
  "GetProjectByID" : {
    "transaction" : "GetProjectByID",
    "sampleCount" : 1,
    "errorCount" : 0,
    "errorPct" : 0.0,
    "meanResTime" : 147.0,
    "minResTime" : 147.0,
    "maxResTime" : 147.0,
    "pct1ResTime" : 147.0,
    "pct2ResTime" : 147.0,
    "pct3ResTime" : 147.0,
    "throughput" : 6.802721088435374,
    "receivedKBytesPerSec" : 2.750318877551021,
    "sentKBytesPerSec" : 1.6076743197278913
  },
  "CreateProject" : {
    "transaction" : "CreateProject",
    "sampleCount" : 1,
    "errorCount" : 0,
    "errorPct" : 0.0,
    "meanResTime" : 386.0,
    "minResTime" : 386.0,
    "maxResTime" : 386.0,
    "pct1ResTime" : 386.0,
    "pct2ResTime" : 386.0,
    "pct3ResTime" : 386.0,
    "throughput" : 2.5906735751295336,
    "receivedKBytesPerSec" : 1.0145118199481864,
    "sentKBytesPerSec" : 0.6982674870466321
  },
  "GetProjects" : {
    "transaction" : "GetProjects",
    "sampleCount" : 1,
    "errorCount" : 0,
    "errorPct" : 0.0,
    "meanResTime" : 669.0,
    "minResTime" : 669.0,
    "maxResTime" : 669.0,
    "pct1ResTime" : 669.0,
    "pct2ResTime" : 669.0,
    "pct3ResTime" : 669.0,
    "throughput" : 1.4947683109118086,
    "receivedKBytesPerSec" : 6.555668441704036,
    "sentKBytesPerSec" : 0.3371987107623318
  },
  "CreateTask" : {
    "transaction" : "CreateTask",
    "sampleCount" : 1,
    "errorCount" : 0,
    "errorPct" : 0.0,
    "meanResTime" : 364.0,
    "minResTime" : 364.0,
    "maxResTime" : 364.0,
    "pct1ResTime" : 364.0,
    "pct2ResTime" : 364.0,
    "pct3ResTime" : 364.0,
    "throughput" : 2.7472527472527473,
    "receivedKBytesPerSec" : 1.8216646634615385,
    "sentKBytesPerSec" : 0.971196771978022
  },
  "DeleteTask" : {
    "transaction" : "DeleteTask",
    "sampleCount" : 1,
    "errorCount" : 1,
    "errorPct" : 100.0,
    "meanResTime" : 70.0,
    "minResTime" : 70.0,
    "maxResTime" : 70.0,
    "pct1ResTime" : 70.0,
    "pct2ResTime" : 70.0,
    "pct3ResTime" : 70.0,
    "throughput" : 14.285714285714285,
    "receivedKBytesPerSec" : 5.1478794642857135,
    "sentKBytesPerSec" : 3.6411830357142856
  }
}